agency,name,committee_url
Small Business Administration,Region X Small Business Regulatory Fairness Board,http://www.sba.gov/ombudsman
Small Business Administration,Region VI Small Business Regulatory Fairness Board,http://www.sba.gov/ombudsman
Small Business Administration,Region VIII Small Business Regulatory Fairness Board,http://www.sba.gov/ombudsman
Small Business Administration,Region VII Small Business Regulatory Fairness Board,http://www.sba.gov/ombudsman
Small Business Administration,Region V Small Business Regulatory Fairness Board,http://www.sba.gov/ombudsman
Small Business Administration,Region IX Small Business Regulatory Fairness Board,http://www.sba.gov/ombudsman
Small Business Administration,Region IV Small Business Regulatory Fairness Board,http://www.sba.gov/ombudsman
Small Business Administration,Region II Small Business Regulatory Fairness Board,http://www.sba.gov/ombudsman
Small Business Administration,Region III Small Business Regulatory Fairness Board,http://www.sba.gov/ombudsman
Small Business Administration,Region I Small Business Regulatory Fairness Board,http://www.sba.gov/ombudsman
Small Business Administration,National Women's Business Council,http://www.nwbc.gov
Small Business Administration,Interagency Task Force on Veterans Small Business Development,https://www.sba.gov/ovbd
Small Business Administration,Advisory Committee on Veterans Business Affairs,https://www.sba.gov/offices/headquarters/ovbd/resources/14397
National Aeronautics and Space Administration,"National Space-Based Positioning, Navigation, and Timing Advisory Board",http://www.gps.gov/governance/advisory/
National Aeronautics and Space Administration,NASA Advisory Council,https://www.nasa.gov/offices/nac/home/index.html
National Aeronautics and Space Administration,Applied Sciences Advisory Committee,http://science.nasa.gov/science-committee/subcommittees/nac-earth-science-subcommittee/advisory-groups/
National Aeronautics and Space Administration,Aerospace Safety Advisory Panel,http://oiir.hq.nasa.gov/asap/index.html
General Services Administration,Green Building Advisory Committee,http://www.gsa.gov/portal/content/121999
Environmental Protection Agency,Science Advisory Committee on Chemicals,https://www.epa.gov/tsca-peer-review
Environmental Protection Agency,Pesticide Program Dialogue Committee,https://www.epa.gov/pesticide-advisory-committees-and-regulatory-partners/pesticide-program-dialogue-committee-ppdc
Environmental Protection Agency,National Environmental Justice Advisory Council,https://www.epa.gov/environmentaljustice/national-environmental-justice-advisory-council
Environmental Protection Agency,National Environmental Education Advisory Council,http://www2.epa.gov/education/national-environmental-education-advisory-council
Environmental Protection Agency,National Advisory Committee to the United States Representative to the North American Commission for Environmental Cooperation,http://www.epa.gov/faca/nac-gac
Environmental Protection Agency,National Drinking Water Advisory Council,http://www.epa.gov/ndwac
Environmental Protection Agency,National Advisory Council for Environmental Policy and Technology,https://www.epa.gov/faca/nacept
Environmental Protection Agency,Human Studies Review Board,https://www.epa.gov/osa/human-studies-review-board
Environmental Protection Agency,Local Government Advisory Committee,https://www.epa.gov/ocir/local-government-advisory-committee-lgac
Environmental Protection Agency,Governmental Advisory Committee to the United States Representative to the North American Commission for Environmental Cooperation,https://www.epa.gov/faca/nac-gac
Environmental Protection Agency,Hazardous Waste Electronic Manifest System Advisory Board,https://www.epa.gov/hwgenerators/hazardous-waste-electronic-manifest-system-e-manifest-advisory-board
Environmental Protection Agency,Great Lakes Advisory Board,https://www.glri.us/advisory/
Environmental Protection Agency,"Federal Insecticide, Fungicide, and Rodenticide Act Scientific Advisory Panel",https://www.epa.gov/sap
Environmental Protection Agency,EPA Science Advisory Board,http://www.epa.gov/sab
Environmental Protection Agency,Good Neighbor Environmental Board,https://www.epa.gov/faca/gneb
Environmental Protection Agency,"Farm,Ranch, and Rural Communities Advisory Committee",http://www.epa.gov/faca/frrcc
Environmental Protection Agency,EPA Board of Scientific Counselors,https://www.epa.gov/bosc
Environmental Protection Agency,Environmental Laboratory Advisory Board,https://www.epa.gov/measurements/environmental-laboratory-advisory-board
Environmental Protection Agency,Environmental Financial Advisory Board,https://www.epa.gov/waterfinancecenter
Environmental Protection Agency,Clean Air Scientific Advisory Committee,http://www.epa.gov/casac
Environmental Protection Agency,Clean Air Act Advisory Committee,https://www.epa.gov/caaac
Environmental Protection Agency,Children's Health Protection Advisory Committee,https://www.epa.gov/children/childrens-health-protection-advisory-committee-chpac
Department of the Interior,Yukon/Kuskokwim Delta Subsistence Regional Advisory Council,http://www.doi.gov/subsistence/regions/ykd
Department of the Interior,Yakima River Basin Conservation Advisory Group,http://www.usbr.gov/pn/programs/yrbwep/phase2/cag.html
Department of the Interior,Wild Horse and Burro Advisory Board,https://www.blm.gov/programs/wild-horse-and-burro/get-involved/advisory-board
Department of the Interior,Western Interior Alaska Subsistence Regional Advisory Council,http://www.doi.gov/subsistence/regions/wi
Department of the Interior,Tule Springs Fossil Beds National Monument Advisory Council,https://www.nps.gov/tusk/learn/news/tule-springs-advisory-council-estabished.htm
Department of the Interior,Western Montana Resource Advisory Council,https://www.blm.gov/get-involved/resource-advisory-council/near-you/montana-dakotas/western-montana-rac
Department of the Interior,Utah Resource Advisory Council,https://www.blm.gov/get-involved/resource-advisory-council/near-you/utah/RAC
Department of the Interior,Trinity River Adaptive Management Working Group,http://www.fws.gov/arcata/fisheries/tamwg.html
Department of the Interior,The Wyoming Resource Advisory Council,https://www.blm.gov/get-involved/resource-advisory-council/near-you/wyoming
Department of the Interior,Wekiva River System Advisory Management Committee,http://www.wekivawildandscenicriversystem.com/wekiva-river-system-management-advisory-committee/
Department of the Interior,Twin Falls District Resource Advisory Council,https://www.blm.gov/get-involved/resource-advisory-council/near-you/Idaho/twin-falls-district-RAC
Department of the Interior,"Standards, Assessments, and Accountability System Negotiated Rulemaking Committee",http://www.bie.edu
Department of the Interior,Steens Mountain Advisory Council,https://www.blm.gov/get-involved/resource-advisory-council/near-you/oregon-washington/steens-mac
Department of the Interior,Southwest Oregon Resource Advisory Council,https://www.blm.gov/get-involved/resource-advisory-council/near-you/oregon-washington/southwest-oregon-rac
Department of the Interior,Sport Fishing and Boating Partnership Council,http://www.fws.gov/sfbpc
Department of the Interior,Southeast Oregon Resource Advisory Council,https://www.blm.gov/get-involved/resource-advisory-council/near-you/oregon-washington/southeast-oregon-rac
Department of the Interior,Southwest Resource Advisory Council,https://www.blm.gov/get-involved/resource-advisory-council/near-you/colorado/southwest-rac
Department of the Interior,San Juan Islands National Monument Advisory Committee,https://www.blm.gov/get-involved/resource-advisory-council/near-you/oregon-washington/san-juan-islands-mac
Department of the Interior,Sierra-Front Northwestern Great Basin Resource Advisory Council,https://www.blm.gov/get-involved/resource-advisory-council/near-you/nevada/sierra-front-northwestern
Department of the Interior,Southeast Alaska Subsistence Regional Advisory Council,https://www.doi.gov/subsistence/regions/se
Department of the Interior,Seward Peninsula Subsistence Regional Advisory Council,http://www.doi.gov/subsistence/regions/sp
Department of the Interior,Scientific Earthquake Studies Advisory Committee,https://earthquake.usgs.gov/aboutus/sesac/
Department of the Interior,Santa Rosa and San Jacinto Mountains National Monument Advisory Committee,http://www.blm.gov/ca/st/en/info/rac/srsjmac.html
Department of the Interior,Southcentral Alaska Subsistence Regional Advisory Council,http://www.doi.gov/subsistence/regions/sc
Department of the Interior,Rocky Mountain Resource Advisory Council,https://www.blm.gov/get-involved/resource-advisory-council/near-you/colorado/rocky-mountain-rac
Department of the Interior,Pecos District Resource Advisory Council,https://www.blm.gov/get-involved/resource-advisory-council/near-you/new-mexico/pecos-district-rac
Department of the Interior,Northwest Oregon Resource Advisory Committee,https://www.blm.gov/get-involved/resource-advisory-council/near-you/oregon-washington/nw-oregon-rac
Department of the Interior,Northwest Resource Advisory Council,https://www.blm.gov/get-involved/resource-advisory-council/near-you/colorado/northwest-rac
Department of the Interior,Paterson Great Falls National Historical Park Advisory Commission,http://www.nps.gov/pagr/parkmgmt/federal-advisory-commission.htm
Department of the Interior,Preservation Technology and Training Board,http://ncptt.nps.gov/about-us/ptt-board/
Department of the Interior,Northwest Arctic Subsistence Regional Advisory Council,https://www.doi.gov/subsistence/regions/nwa
Department of the Interior,Northern California District Resource Advisory Council,https://www.blm.gov/get-involved/rac/california/northern-california-rac
Department of the Interior,Northeastern Great Basin Resource Advisory Council,https://www.blm.gov/site-page/get-involved-resource-advisory-council-near-you-nevada-northeastern-great-basin
Department of the Interior,North Slope Subsistence Regional Advisory Council,http://www.doi.gov/subsistence/regions/ns
Department of the Interior,Native American Graves Protection and Repatriation Review Committee,http://www.nps.gov/nagpra/review/index.htm
Department of the Interior,North Central Montana Resource Advisory Council,https://www.blm.gov/get-involved/resource-advisory-council/near-you/montana-dakotas/central-montana-RAC
Department of the Interior,National Park System Advisory Board,http://www.nps.gov/resources/advisoryboard.htm
Department of the Interior,National Park Service Subsistence Resource Commission-Wrangell-St. Elias National Park,https://www.nps.gov/wrst/learn/management/subsistence.htm
Department of the Interior,National Park Service Subsistence Resource Commission-Lake Clark National Park,https://www.nps.gov/lacl/learn/historyculture/subsistence.htm
Department of the Interior,North Slope Science Initiative Science Technical Advisory Panel,https://northslopescience.org/stap
Department of the Interior,National Park Service Subsistence Resource Commission-Gates of the Arctic National Park,https://www.nps.gov/gaar/learn/historyculture/subsistence-resource-commission.htm
Department of the Interior,National Park Service Subsistence Resource Commission-Kobuk Valley National Park,https://www.nps.gov/kova/learn/historyculture/subsistence-in-kobuk.htm
Department of the Interior,National Park Service Subsistence Resource Commission-Denali National Park,https://www.nps.gov/dena/learn/subsistence-resource-commission.htm
Department of the Interior,National Park of American Samoa Advisory Board,http://www.nps.gov/npsa/index.htm
Department of the Interior,National Park Service Subsistence Resource Commission-Aniakchak National Monument,https://www.nps.gov/ania/index.htm
Department of the Interior,National Park Service Subsistence Resource Commission-Cape Krusenstern National Monument,https://www.nps.gov/cakr/learn/historyculture/subsistence.htm
Department of the Interior,National Geospatial Advisory Committee,http://www.fgdc.gov/ngac
Department of the Interior,Mojave-Southern Great Basin Resource Advisory Council,https://www.blm.gov/get-involved/resource-advisory-council/near-you/nevada/mojave-southern-rac
Department of the Interior,National Earthquake Prediction Evaluation Council - 34746,http://earthquake.usgs.gov/aboutus/nepec/
Department of the Interior,National Cooperative Geologic Mapping Program,https://ncgmp.usgs.gov/about/evaluation/faca_info.html
Department of the Interior,Mary McLeod Bethune Council House National Historic Site Advisory Commission,https://www.nps.gov/mamc/index.htm
Department of the Interior,Made In America Outdoor Recreation Advisory Committee,https://www.nps.gov/orgs/1892/made-in-america-rac.htm
Department of the Interior,Las Cruces District Resource Advisory Council,https://www.blm.gov/get-involved/resource-advisory-council/near-you/new-mexico/lcdo-rac
Department of the Interior,Kaloko-Honokohau National Historical Park Advisory Commission,http://www.nps.gov/kaho/index.htm
Department of the Interior,Jimmy Carter National Historic Site Advisory Commission,http://www.nps.gov/jica/index.htm
Department of the Interior,Idaho Falls District Resource Advisory Council,https://www.blm.gov/get-involved/resource-advisory-council/near-you/Idaho/idaho-falls-district-RAC
Department of the Interior,John Day-Snake Resource Advisory Council,https://www.blm.gov/get-involved/resource-advisory-council/near-you/oregon-washington/john-day-rac
Department of the Interior,Invasive Species Advisory Committee,https://www.invasivespecies.gov
Department of the Interior,Kodiak/Aleutians Subsistence Regional Advisory Council,http://www.doi.gov/subsistence/regions/ka
Department of the Interior,International Wildlife Conservation Council,https://www.fws.gov/iwcc/
Department of the Interior,Grand Staircase-Escalante National Monument Advisory Committee,https://www.blm.gov/get-involved/resource-advisory-council/near-me/utah/mac
Department of the Interior,Hunting and Shooting Sports Conservation Council,https://www.fws.gov/hsscc/
Department of the Interior,Exxon Valdez Oil Spill Public Advisory Committee,http://www.evostc.state.ak.us
Department of the Interior,Gateway National Recreation Area Fort Hancock 21st Century Advisory Committee,http://www.forthancock21.org/
Department of the Interior,Farmington District Resource Advisory Council,https://www.blm.gov/get-involved/resource-advisory-council/near-you/new-mexico/farmington-district-rac
Department of the Interior,Eastern Interior Alaska Subsistence Regional Advisory Council,https://www.doi.gov/subsistence/regions/ei
Department of the Interior,Glen Canyon Dam Adaptive Management Work Group,https://www.usbr.gov/uc/rm/amp/index.html
Department of the Interior,Dakotas Resource Advisory Council,https://www.blm.gov/get-involved/resource-advisory-council/near-you/montana-dakotas
Department of the Interior,Eastern Montana Resource Advisory Council,https://www.blm.gov/get-involved/resource-advisory-council/near-you/montana-dakotas
Department of the Interior,Colorado River Basin Salinity Control Advisory Council,http://www.usbr.gov/uc/progact/salinity/
Department of the Interior,Eastern Washington Resource Advisory Council,https://www.blm.gov/get-involved/resource-advisory-council/near-you/oregon-washington/eastern-washington-rac
Department of the Interior,Coastal Oregon Resource Advisory Council,https://www.blm.gov/get-involved/resource-advisory-council/near-you/oregon-washington/coastal-oregon-rac
Department of the Interior,Carrizo Plain National Monument Advisory Committee,https://www.blm.gov/site-page/get-involved/resource-advisory-councils/near-you/california/carrizo-plain-national-monument-advisory-committee
Department of the Interior,Central California Resource Advisory Council,https://www.blm.gov/get-involved/rac/california/central-california-rac
Department of the Interior,California Desert District Advisory Council,https://www.blm.gov/get-involved/rac/california/california-desert-district
Department of the Interior,Bureau of Indian Affairs Advisory Board for Exceptional Children,https://www.bie.edu/Programs/SpecialEd/AdvisoryBoard/index.htm
Department of the Interior,CEDAR CREEK AND BELLE GROVE NATIONAL HISTORICAL PARK,http://www.nps.gov/cebe/parkmgmt/park-advisory-commission.htm
Department of the Interior,Coeur dAlene District Resource Advisory Council,https://www.blm.gov/get-involved/resource-advisory-council/near-you/Idaho/couerdalene-district-RAC
Department of the Interior,Bristol Bay Subsistence Regional Advisory Council,https://www.doi.gov/subsistence/regions/bb
Department of the Interior,Boise District Resource Advisory Council,https://www.blm.gov/get-involved/resource-advisory-council/near-you/Idaho/boise-district-RAC
Department of the Interior,Arizona Resource Advisory Council,https://www.blm.gov/get-involved/resource-advisory-council/near-you/arizona
Department of the Interior,Aquatic Nuisance Species Task Force,http://anstaskforce.gov
Department of the Interior,Albuquerque District Resource Advisory Council,https://www.blm.gov/get-involved/resource-advisory-council/near-you/new-mexico/albuquerque-district-rac
Department of the Interior,Bears Ears National Monument Advisory Committee,https://www.blm.gov/get-involved/resource-advisory-council/near-me/utah/mac
Department of the Interior,Alaska Resource Advisory Council,https://www.blm.gov/get-involved/resource-advisory-council/near-you/alaska/rac
Department of the Interior,Boston Harbor Islands National Recreation Area Advisory Council,http://www.nps.gov/boha/index.htm
Department of the Interior,Advisory Committee on Water Information,https://acwi.gov/
Department of the Interior,Acadia National Park Advisory Commission,https://www.nps.gov/acad/getinvolved/acadia-advisory-commission.htm
Department of Health and Human Services,Tobacco Products Scientific Advisory Committee,http://www.fda.gov/AdvisoryCommittees/CommitteesMeetingMaterials/TobaccoProductsScientificAdvisoryCommittee/default.htm
Department of Health and Human Services,World Trade Center Health Program Scientific Technical Advisory Committee,http://www.cdc.gov/wtc/stac.html
Department of Health and Human Services,Vaccines and Related Biological Products Advisory Committee,http://www.fda.gov/AdvisoryCommittees/CommitteesMeetingMaterials/BloodVaccinesandOtherBiologics/VaccinesandRelatedBiologicalProductsAdvisoryCommittee/default.htm
Department of Health and Human Services,Vascular and Hematology Integrated Review Group,http://public.csr.nih.gov/StudySections/IntegratedReviewGroups/VHIRG/Pages/default.aspx
Department of Health and Human Services,Task Force on Research Specific to Pregnant Women and Lactating Women,https://www.nichd.nih.gov/about/advisory/PRGLAC/Pages/index.aspx
Department of Health and Human Services,Substance Abuse and Mental Health Services Administration National Advisory Council,http://www.samhsa.gov/about-us/advisory-councils/samhsa-national-advisory-council
Department of Health and Human Services,Technical Electronic Product Radiation Safety Standards Committee,https://www.fda.gov/advisory-committees/radiation-emitting-products/technical-electronic-product-radiation-safety-standards-committee
Department of Health and Human Services,Tick-Borne Disease Working Group,https://www.hhs.gov/ash/advisory-committees/tickbornedisease/index.html?language=en
Department of Health and Human Services,"Surgical Sciences, Biomedical Imaging and Bioengineering Integrated Review Group",http://public.csr.nih.gov/StudySections/IntegratedReviewGroups/SBIBIRG/Pages/default.aspx
Department of Health and Human Services,Sleep Disorders Research Advisory Board,https://www.nhlbi.nih.gov/node/80106
Department of Health and Human Services,Sickle Cell Disease Advisory Committee,https://www.nhlbi.nih.gov/advisory-and-peer-review-committees/nhlbi-sickle-cell-disease-advisory-committee
Department of Health and Human Services,Scientific Management Review Board,http://smrb.od.nih.gov
Department of Health and Human Services,Science Advisory Board to the National Center for Toxicological Research,http://www.fda.gov/AdvisoryCommittees/CommitteesMeetingMaterials/ToxicologicalResearch/default.htm
Department of Health and Human Services,Scientific Advisory Committee on Alternative Toxicological Methods,http://ntp.niehs.nih.gov/about/org/sacatm/index.html
Department of Health and Human Services,Safety and Occupational Health Study Section,http://www.cdc.gov/maso/facm/facmsohss.html
Department of Health and Human Services,Science Board to the Food and Drug Administration,http://www.fda.gov/AdvisoryCommittees/CommitteesMeetingMaterials/ScienceBoardtotheFoodandDrugAdministration/default.htm
Department of Health and Human Services,Secretary's Advisory Committee on Human Research Protections,http://www.hhs.gov/ohrp/sachrp
Department of Health and Human Services,Secretaryâ€™s Advisory Committee on National Health Promotion and Disease Prevention Objectives for 2030,https://www.healthypeople.gov/2020/About-Healthy-People/Development-Healthy-People-2030/Committee-Meetings
Department of Health and Human Services,Risk Communication Advisory Committee,http://www.fda.gov/AdvisoryCommittees/CommitteesMeetingMaterials/RiskCommunicationAdvisoryCommittee/default.htm
Department of Health and Human Services,Recombinant DNA Advisory Committee,https://osp.od.nih.gov/biotechnology/recombinant-dna-advisory-committee/
Department of Health and Human Services,Psychopharmacologic Drugs Advisory Committee,http://www.fda.gov/AdvisoryCommittees/CommitteesMeetingMaterials/Drugs/PsychopharmacologicDrugsAdvisoryCommittee/default.htm
Department of Health and Human Services,Presidential Advisory Council on HIV/AIDS,https://www.hiv.gov/federal-response/pacha/about-pacha
Department of Health and Human Services,"Risk, Prevention and Health Behavior Integrated Review Group",http://public.csr.nih.gov/StudySections/IntegratedReviewGroups/RPHBIRG/Pages/default.aspx
Department of Health and Human Services,Pulmonary-Allergy Drugs Advisory Committee,http://www.fda.gov/AdvisoryCommittees/CommitteesMeetingMaterials/Drugs/Pulmonary-AllergyDrugsAdvisoryCommittee/default.htm
Department of Health and Human Services,Presidential Advisory Council on Combating Antibiotic-Resistant Bacteria,https://www.hhs.gov/ash/carb
Department of Health and Human Services,President's Cancer Panel,https://prescancerpanel.cancer.gov/
Department of Health and Human Services,Population Sciences and Epidemiology Integrated Review Group,http://public.csr.nih.gov/StudySections/IntegratedReviewGroups/PSEIRG/Pages/default.aspx
Department of Health and Human Services,Physician-Focused Payment Model Technical Advisory Committee,https://aspe.hhs.gov/ptac-physician-focused-payment-model-technical-advisory-committee
Department of Health and Human Services,Pharmacy Compounding Advisory Committee,http://www.fda.gov/AdvisoryCommittees/CommitteesMeetingMaterials/Drugs/PharmacyCompoundingAdvisoryCommittee/default.htm
Department of Health and Human Services,President's Committee for People with Intellectual Disabilities,https://www.acl.gov/programs/empowering-advocacy/presidents-committee-people
Department of Health and Human Services,Pharmaceutical Science and Clinical Pharmacology Advisory Committee,http://www.fda.gov/AdvisoryCommittees/CommitteesMeetingMaterials/Drugs/AdvisoryCommitteeforPharmaceuticalScienceandClinicalPharmacology/default.htm
Department of Health and Human Services,"President's Council on Sports, Fitness, and Nutrition",http://www.fitness.gov
Department of Health and Human Services,Pediatrics Advisory Committee,http://www.fda.gov/AdvisoryCommittees/CommitteesMeetingMaterials/PediatricAdvisoryCommittee/default.htm
Department of Health and Human Services,Pain Management Best Practices Inter-Agency Task Force,https://www.hhs.gov/ash/advisory-committees/pain/index.html
Department of Health and Human Services,Oncology 1-Basic Translational Integrated Review Group,http://public.csr.nih.gov/StudySections/IntegratedReviewGroups/OBTIRG/Pages/default.aspx
Department of Health and Human Services,Oncologic Drugs Advisory Committee,http://www.fda.gov/AdvisoryCommittees/CommitteesMeetingMaterials/Drugs/OncologicDrugsAdvisoryCommittee/default.htm
Department of Health and Human Services,Oncology 2-Translational Clinical Integrated Review Group,http://public.csr.nih.gov/StudySections/IntegratedReviewGroups/OTCIRG/Pages/default.aspx
Department of Health and Human Services,Patient Engagement Advisory Committee,http://www.fda.gov/AdvisoryCommittees/CommitteesMeetingMaterials/PatientEngagementAdvisoryCommittee/default.htm
Department of Health and Human Services,Peripheral and Central Nervous System Drugs Advisory Committee,http://www.fda.gov/AdvisoryCommittees/CommitteesMeetingMaterials/Drugs/PeripheralandCentralNervousSystemDrugsAdvisoryCommittee/default.htm
Department of Health and Human Services,Office of AIDS Research Advisory Council,https://www.oar.nih.gov/hiv-policy-and-research/oarac
Department of Health and Human Services,Nonprescription Drugs Advisory Committee,http://www.fda.gov/AdvisoryCommittees/CommitteesMeetingMaterials/Drugs/NonprescriptionDrugsAdvisoryCommittee/default.htm
Department of Health and Human Services,NIH Clinical Center Research Hospital Board,https://ccrhb.od.nih.gov/
Department of Health and Human Services,National Toxicology Program Special Emphasis Panel,http://ntp.niehs.nih.gov/about/org/sep/index.html
Department of Health and Human Services,National Science Advisory Board for Biosecurity,http://osp.od.nih.gov/office-biotechnology-activities/biosecurity/nsabb
Department of Health and Human Services,National Vaccine Advisory Committee,http://www.hhs.gov/nvpo/nvac
Department of Health and Human Services,National Toxicology Program Board of Scientific Counselors,https://ntp.niehs.nih.gov/about/org/bsc/index.html
Department of Health and Human Services,National Institute on Deafness and Other Communication Disorders Special Emphasis Panel,https://www.nidcd.nih.gov/about/special-emphasis-panel
Department of Health and Human Services,National Institute on Drug Abuse Special Emphasis Panel,http://www.drugabuse.gov/about-nida/advisory-boards-groups/scientific-review-groupcommittee-structure
Department of Health and Human Services,National Mammography Quality Assurance Advisory Committee,http://www.fda.gov/AdvisoryCommittees/CommitteesMeetingMaterials/Radiation-EmittingProducts/NationalMammographyQualityAssuranceAdvisoryCommittee/default.htm
Department of Health and Human Services,National Institute on Aging Initial Review Group,http://www.nia.nih.gov/research/dea-scientific-review/chartered-review-committees-nia
Department of Health and Human Services,National Institute on Alcohol Abuse and Alcoholism Special Emphasis Panel,http://www.niaaa.nih.gov/grant-funding/application-process/special-emphasis-panels
Department of Health and Human Services,National Institute on Alcohol Abuse and Alcoholism Initial Review Group,http://www.niaaa.nih.gov/grant-funding/application-process/niaaa-scientific-review-group-rosters
Department of Health and Human Services,National Institute of General Medical Sciences Initial Review Group,http://www.nigms.nih.gov/Research/Application/ReviewCommittees.htm
Department of Health and Human Services,National Institute of Mental Health Initial Review Group,http://www.nimh.nih.gov/funding/grant-writing-and-application-process/peer-review-committees.shtml
Department of Health and Human Services,National Institute of General Medical Sciences Special Emphasis Panel,https://www.nigms.nih.gov/about/overview/osr/Pages/seps.aspx
Department of Health and Human Services,National Institute of Dental and Craniofacial Research Special Grants Review Committee,http://www.nidcr.nih.gov/AboutUs/Councils/SGR/
Department of Health and Human Services,National Institute of Dental and Craniofacial Research Special Emphasis Panel,http://www.nidcr.nih.gov/AboutUs/Councils/SEP/
Department of Health and Human Services,National Human Genome Research Institute Initial Review Group,http://www.genome.gov/10000914
Department of Health and Human Services,"National Heart, Lung, and Blood Advisory Council",http://www.nhlbi.nih.gov/meetings/nhlbac/index.htm
Department of Health and Human Services,National Diabetes and Digestive and Kidney Diseases Advisory Council,http://www.niddk.nih.gov/about-niddk/advisory-coordinating-committees/national-diabetes-digestive-kidney-disease-advisory-council/Pages/advisory-council.aspx
Department of Health and Human Services,National Deafness and Other Communication Disorders Advisory Council,https://www.nidcd.nih.gov/about/advisory-council
Department of Health and Human Services,National Committee on Vital and Health Statistics,https://www.ncvhs.hhs.gov/
Department of Health and Human Services,National Clinical Care Commission,https://health.gov/hcq/national-clinical-care-commission.asp
Department of Health and Human Services,National Center for Advancing Translational Sciences Advisory Council,http://www.ncats.nih.gov/advisory/council
Department of Health and Human Services,National Cancer Institute Special Emphasis Panel,http://deainfo.nci.nih.gov/advisory/sep/sep.htm
Department of Health and Human Services,National Cancer Institute Council of Research Advocates,http://deainfo.nci.nih.gov/advisory/ncra/ncra.htm
Department of Health and Human Services,National Cancer Institute Clinical Trials and Translational Research Advisory Committee,http://deainfo.nci.nih.gov/advisory/ctac/ctac.htm
Department of Health and Human Services,National Cancer Institute Board of Scientific Advisors,http://deainfo.nci.nih.gov/advisory/bsa/bsa.htm
Department of Health and Human Services,"National Biodefense Science Board (also known as the ""National Preparedness And Response Science Board"")",http://www.phe.gov/Preparedness/legal/boards/nbsb/Pages/default.aspx
Department of Health and Human Services,National Cancer Institute Initial Review Group,http://deainfo.nci.nih.gov/advisory/irg/irg.htm
Department of Health and Human Services,National Asthma Education Prevention Program Coordinating Committee,http://www.nhlbi.nih.gov/about/org/naepp
Department of Health and Human Services,National Cancer Advisory Board,http://deainfo.nci.nih.gov/advisory/ncab/ncab.htm
Department of Health and Human Services,National Arthritis and Musculoskeletal and Skin Diseases Advisory Council,https://www.niams.nih.gov/about/working-groups/advisory-council
Department of Health and Human Services,National Advisory Mental Health Council,http://www.nimh.nih.gov/about/advisory-boards-and-groups/namhc/index.shtml
Department of Health and Human Services,National Advisory Dental and Craniofacial Research Council,http://www.nidcr.nih.gov/AboutUs/Councils/NADCRC/
Department of Health and Human Services,National Advisory General Medical Sciences Council,http://www.nigms.nih.gov/About/Council/
Department of Health and Human Services,National Advisory Council on the National Health Service Corps,http://www.nhsc.hrsa.gov/corpsexperience/aboutus/nationaladvisorycouncil/index.html
Department of Health and Human Services,National Advisory Neurological Disorders and Stroke Council,https://www.ninds.nih.gov/About-NINDS/Who-We-Are/Advisory-Council
Department of Health and Human Services,National Advisory Eye Council,https://nei.nih.gov/about/naec
Department of Health and Human Services,National Advisory Environmental Health Sciences Council,http://www.niehs.nih.gov/about/boards/naehsc/
Department of Health and Human Services,National Advisory Council on Nurse Education and Practice,https://www.hrsa.gov/advisorycommittees/bhpradvisory/nacnep/index.html
Department of Health and Human Services,National Advisory Council for Nursing Research,https://www.ninr.nih.gov/aboutninr/nacnr
Department of Health and Human Services,National Advisory Council on Migrant Health,http://bphc.hrsa.gov/about/nacmh/index.html
Department of Health and Human Services,National Advisory Council on Drug Abuse,http://www.drugabuse.gov/about-nida/advisory-boards-groups/national-advisory-council-drug-abuse-nacda
Department of Health and Human Services,National Advisory Council on Alcohol Abuse and Alcoholism,http://www.niaaa.nih.gov/about-niaaa/our-work/advisory-council
Department of Health and Human Services,National Advisory Council on Aging,http://www.nia.nih.gov/about/naca
Department of Health and Human Services,National Advisory Council on Minority Health and Health Disparities,http://www.nimhd.nih.gov/about/advCouncil.html
Department of Health and Human Services,National Advisory Council for Human Genome Research,http://www.genome.gov/10000905
Department of Health and Human Services,National Advisory Council for Healthcare Research and Quality,http://www.ahrq.gov/cpi/about/organization/nac/index.html#Overview
Department of Health and Human Services,National Advisory Committee on the Sex Trafficking of Children and Youth in the United States,https://www.acf.hhs.gov/otip/partnerships/the-national-advisory-committee
Department of Health and Human Services,National Advisory Child Health and Human Development Council,http://www.nichd.nih.gov/about/advisory/nachhd/Pages/index.aspx
Department of Health and Human Services,National Advisory Council for Complementary and Integrative Health,https://nccih.nih.gov/about/naccih
Department of Health and Human Services,National Advisory Council for Biomedical Imaging and Bioengineering,http://www.nibib.nih.gov/about-nibib/advisory-council
Department of Health and Human Services,National Advisory Committee on Rural Health and Human Services,http://www.hrsa.gov/advisorycommittees/rural/
Department of Health and Human Services,National Advisory Board on Medical Rehabilitation Research,http://www.nichd.nih.gov/about/advisory/nabmrr/pages/index.aspx
Department of Health and Human Services,"Musculoskeletal, Oral, and Skin Sciences Integrated Review Group",http://public.csr.nih.gov/StudySections/IntegratedReviewGroups/MOSSIRG/Pages/default.aspx
Department of Health and Human Services,"Molecular, Cellular and Developmental Neuroscience Integrated Review Group",http://public.csr.nih.gov/StudySections/IntegratedReviewGroups/MDCNIRG/Pages/default.aspx
Department of Health and Human Services,National Advisory Allergy and Infectious Diseases Council,https://www.niaid.nih.gov/about/advisory-council
Department of Health and Human Services,Muscular Dystrophy Coordinating Committee,https://mdcc.nih.gov/
Department of Health and Human Services,Mine Safety and  Health Research Advisory Committee,https://www.cdc.gov/maso/facm/facmmshrac.html
Department of Health and Human Services,Medicare Evidence Development Coverage Advisory Committee,https://www.cms.gov/Regulations-and-Guidance/Guidance/FACA/MEDCAC.html
Department of Health and Human Services,Medicare Advisory Panel on Clinical Diagnostic Laboratory Tests,https://www.cms.gov/Regulations-and-Guidance/Guidance/FACA/AdvisoryPanelonClinicalDiagnosticLaboratoryTests.html
Department of Health and Human Services,Medical Imaging Drugs Advisory Committee,http://www.fda.gov/AdvisoryCommittees/CommitteesMeetingMaterials/Drugs/MedicalImagingDrugsAdvisoryCommittee/default.htm
Department of Health and Human Services,Interdisciplinary Molecular Sciences and Training Integrated Review Group,http://public.csr.nih.gov/StudySections/IntegratedReviewGroups/IMSTIRG/Pages/default.aspx
Department of Health and Human Services,Interdepartmental Serious Mental Illness Coordinating Committee,https://www.samhsa.gov/about-us/advisory-councils/smi-committee
Department of Health and Human Services,Medical Devices Advisory Committee,https://www.fda.gov/AdvisoryCommittees/CommitteesMeetingMaterials/MedicalDevices/default.htm
Department of Health and Human Services,Interagency Committee on Smoking and Health,https://www.cdc.gov/tobacco/about/icsh/index.htm
Department of Health and Human Services,Infectious Diseases and Microbiology Integrated Review Group,http://public.csr.nih.gov/StudySections/IntegratedReviewGroups/IDMIRG/Pages/default.aspx
Department of Health and Human Services,Interagency Breast Cancer  and Environmental Research Coordinating Committee,http://www.niehs.nih.gov/about/boards/ibcercc/index.cfm
Department of Health and Human Services,Interagency Autism Coordinating Committee,http://iacc.hhs.gov/
Department of Health and Human Services,Interagency Pain Research Coordinating Committee,https://iprcc.nih.gov/Meetings-Events/IPRCC-Meetings
Department of Health and Human Services,"Integrative, Functional and Cognitive Neuroscience Integrated Review Group",http://public.csr.nih.gov/StudySections/IntegratedReviewGroups/IFCNIRG/Pages/default.aspx
Department of Health and Human Services,Immunology Integrated Review Group,http://public.csr.nih.gov/StudySections/IntegratedReviewGroups/IMMIRG/Pages/default.aspx
Department of Health and Human Services,Health Information Technology Advisory Committee,https://www.healthit.gov/hitac/committees/health-information-technology-advisory-committee-hitac
Department of Health and Human Services,Gastrointestinal Drugs Advisory Committee,http://www.fda.gov/AdvisoryCommittees/CommitteesMeetingMaterials/Drugs/GastrointestinalDrugsAdvisoryCommittee/default.htm
Department of Health and Human Services,Healthcare Delivery and Methodologies Integrated Review Group,http://public.csr.nih.gov/StudySections/IntegratedReviewGroups/HDMIRG/Pages/default.aspx
Department of Health and Human Services,Healthcare Infection Control Practices Advisory Committee,http://www.cdc.gov/hicpac
Department of Health and Human Services,Frederick National Laboratory Advisory Committee to the National Cancer Institute,http://deainfo.nci.nih.gov/advisory/fac/fac.htm
Department of Health and Human Services,"Genes, Genomes, and Genetics  Integrated Review Group",http://public.csr.nih.gov/StudySections/IntegratedReviewGroups/GGGIRG/Pages/default.aspx
Department of Health and Human Services,Fogarty International Center Advisory Board,http://www.fic.nih.gov/About/Advisory/Pages/default.aspx
Department of Health and Human Services,"Endocrinology, Metabolism, Nutrition and Reproductive Sciences Integrated Review Group",http://public.csr.nih.gov/StudySections/IntegratedReviewGroups/EMNRIRG/Pages/default.aspx
Department of Health and Human Services,Endocrinologic and Metabolic Drugs Advisory Committee,http://www.fda.gov/AdvisoryCommittees/CommitteesMeetingMaterials/Drugs/EndocrinologicandMetabolicDrugsAdvisoryCommittee/default.htm
Department of Health and Human Services,Emerging Technologies and Training Neurosciences Integrated Review Group,http://public.csr.nih.gov/StudySections/IntegratedReviewGroups/ETTNIRG/Pages/default.aspx
Department of Health and Human Services,Drug Safety and Risk Management Advisory Committee,http://www.fda.gov/AdvisoryCommittees/CommitteesMeetingMaterials/Drugs/DrugSafetyandRiskManagementAdvisoryCommittee/default.htm
Department of Health and Human Services,Division of Intramural Research Board of Scientific Counselors National Institute of Allergy and Infectious Diseases,https://www.niaid.nih.gov/about/scientific-counselors
Department of Health and Human Services,"Disease, Disability, and Injury Prevention and Control Special Emphasis Panel",http://www.cdc.gov/maso/FACM/facmSEP.html
Department of Health and Human Services,"Digestive, Kidney and Urological Systems Integrated Review Group",http://public.csr.nih.gov/StudySections/IntegratedReviewGroups/DKUSIRG/Pages/default.aspx
Department of Health and Human Services,Device Good Manufacturing Practice Advisory Committee,https://www.fda.gov/AdvisoryCommittees/CommitteesMeetingMaterials/MedicalDevices/DeviceGoodManufacturingPracticeAdvisoryCommittee/default.htm
Department of Health and Human Services,Cures Acceleration Network Review Board,http://www.ncats.nih.gov/advisory/canboard
Department of Health and Human Services,Council of Councils,http://dpcpsi.nih.gov/council/
Department of Health and Human Services,Communication Disorders Review Committee,https://www.nidcd.nih.gov/about/communication-disorders-review-committee
Department of Health and Human Services,Community Living Assistance Services and Supports CLASS Independence Advisory Council,http://aoa.gov/AoARoot/CLASS/Independence_Advisory/index.aspx
Department of Health and Human Services,Council on Graduate Medical Education,https://www.hrsa.gov/advisory-committees/graduate-medical-edu/index.html
Department of Health and Human Services,Dermatologic and Ophthalmic Drugs Advisory Committee,http://www.fda.gov/AdvisoryCommittees/CommitteesMeetingMaterials/Drugs/DermatologicandOphthalmicDrugsAdvisoryCommittee/default.htm
Department of Health and Human Services,Clinical Laboratory Improvement Advisory Committee,https://wwwn.cdc.gov/cliac/
Department of Health and Human Services,Center for Substance Abuse Treatment National Advisory Council,http://www.samhsa.gov/about-us/advisory-councils/csat-national-advisory-council
Department of Health and Human Services,Center for Substance Abuse Prevention National Advisory Council,http://www.samhsa.gov/about-us/advisory-councils/csap-national-advisory-council
Department of Health and Human Services,Center for Substance Abuse Prevention Drug Testing Advisory Board,http://www.samhsa.gov/about-us/advisory-councils/drug-testing-advisory-board-dtab
Department of Health and Human Services,Center for Scientific Review Special Emphasis Panel,http://public.csr.nih.gov/StudySections/SpecialEmphasis/Pages/default.aspx
Department of Health and Human Services,Center for Scientific Review Advisory Council,https://public.csr.nih.gov/AboutCSR/Organization/CSRAdvisoryCouncil
Department of Health and Human Services,Center for Mental Health Services National Advisory Council,http://www.samhsa.gov/about-us/advisory-councils/cmhs-national-advisory-council
Department of Health and Human Services,Cellular Tissue and Gene Therapies Advisory Committee,http://www.fda.gov/AdvisoryCommittees/CommitteesMeetingMaterials/BloodVaccinesandOtherBiologics/CellularTissueandGeneTherapiesAdvisoryCommittee/default.htm
Department of Health and Human Services,Cell Biology Integrated Review Group,http://public.csr.nih.gov/StudySections/IntegratedReviewGroups/CBIRG/Pages/default.aspx
Department of Health and Human Services,Cardiovascular and Respiratory Sciences Integrated Review Group,http://public.csr.nih.gov/StudySections/IntegratedReviewGroups/CVRSIRG/Pages/default.aspx
Department of Health and Human Services,"CDC/HRSA Advisory Committee on HIV, Viral Hepatitis, and STD Prevention and Treatment",http://www.cdc.gov/maso/facm/facmchachspt.html
Department of Health and Human Services,Cardiovascular and Renal Drugs Advisory Committee,http://www.fda.gov/AdvisoryCommittees/CommitteesMeetingMaterials/Drugs/CardiovascularandRenalDrugsAdvisoryCommittee/default.htm
Department of Health and Human Services,Breast and Cervical Cancer Early Detection and Control Advisory Committee,https://www.cdc.gov/maso/facm/facmbccedcac.html
Department of Health and Human Services,Brain Disorders and Clinical Neuroscience Integrated Review Group,http://public.csr.nih.gov/StudySections/IntegratedReviewGroups/BDCNIRG/Pages/default.aspx
Department of Health and Human Services,"Bone, Reproductive and Urologic Drugs Advisory Committee",http://www.fda.gov/AdvisoryCommittees/CommitteesMeetingMaterials/Drugs/ReproductiveHealthDrugsAdvisoryCommittee/default.htm
Department of Health and Human Services,"Board of Scientific Counselors, Office of Public Health Preparedness and Response",https://www.cdc.gov/phpr/bsc/index.htm
Department of Health and Human Services,"Board of Scientific Counselors, National Institute on Deafness and Other Communication Disorders",https://www.nidcd.nih.gov/about/board-scientific-counselors
Department of Health and Human Services,"Board of Scientific Counselors, National Institute on Alcohol Abuse and Alcoholism",https://www.niaaa.nih.gov/research/niaaa-intramural-program/niaaa-laboratories/office-scientific-director
Department of Health and Human Services,"Board of Scientific Counselors, National Institute of Neurological Disorders and Stroke",https://www.ninds.nih.gov/About-NINDS/Who-We-Are/Board-Scientific-Counselors
Department of Health and Human Services,"Board of Scientific Counselors, National Institute of Mental Health",http://www.nimh.nih.gov/labs-at-nimh/scientific-director/office-of-scientific-director/board-of-scientific-counselors.shtml
Department of Health and Human Services,"Board of Scientific Counselors, National Institute of Environmental Health Sciences",http://www.niehs.nih.gov/about/boards/bsc/index.cfm
Department of Health and Human Services,"Board of Scientific Counselors, National Institute of Dental and Craniofacial Research",http://www.nidcr.nih.gov/AboutUs/Councils/BSC/
Department of Health and Human Services,"Board of Scientific Counselors, National Institute of Diabetes and Digestive and Kidney Diseases",http://www.niddk.nih.gov/about-niddk/advisory-coordinating-committees/board-scientific-counselors/Pages/default.aspx
Department of Health and Human Services,"Board of Scientific Counselors, National Institute for Occupational Safety and Health",http://www.cdc.gov/niosh/bsc
Department of Health and Human Services,"Board of Scientific Counselors, National Center for Environmental Health/Agency for Toxic Substances and Disease Registry",http://www.atsdr.cdc.gov/science/meetings_and_agendas.html
Department of Health and Human Services,"Board of Scientific Counselors, National Center for Injury Prevention and Control",https://www.cdc.gov/injury/bsc/meetings.html
Department of Health and Human Services,Board of Scientific Counselors Office of Infectious Diseases,http://www.cdc.gov/oid/BSC.html
Department of Health and Human Services,Board of Scientific Counselors of the NIH Clinical Center,http://clinicalcenter.nih.gov/bsc/
Department of Health and Human Services,Board of Scientific Counselors National Human Genome Research Institute,http://www.genome.gov/10000911
Department of Health and Human Services,"Board of Scientific Counselors for Clinical Sciences and Epidemiology, National Cancer Institute",http://deainfo.nci.nih.gov/advisory/bsc/cse/cse.htm
Department of Health and Human Services,"Board of Scientific Counselors for Basic Sciences, National Cancer Institute",http://deainfo.nci.nih.gov/advisory/bsc/bs/bs.htm
Department of Health and Human Services,Board of Scientific Counselors National Center for Health Statistics,http://www.cdc.gov/nchs/about/bsc.htm
Department of Health and Human Services,Board of Scientific Counselors Eunice Kennedy Shriver National Institute of Child Health and Human Development,https://www.nichd.nih.gov/about/advisory/bsc
Department of Health and Human Services,Biology of Development and Aging Integrated Review Group,http://public.csr.nih.gov/StudySections/IntegratedReviewGroups/BDAIRG/Pages/default.aspx
Department of Health and Human Services,Biological Chemistry and Macromolecular Biophysics Integrated Review Group,http://public.csr.nih.gov/StudySections/IntegratedReviewGroups/BCMBIRG/Pages/default.aspx
Department of Health and Human Services,Board of Regents of the National Library of Medicine,http://www.nlm.nih.gov/od/bor/bor.html
Department of Health and Human Services,Bioengineering Sciences & Technologies Integrated Review Group,http://public.csr.nih.gov/StudySections/IntegratedReviewGroups/BSTIRG/Pages/default.aspx
Department of Health and Human Services,Biobehavioral and Behavioral Processes Integrated Review Group,http://public.csr.nih.gov/StudySections/IntegratedReviewGroups/BBBPIRG/Pages/default.aspx
Department of Health and Human Services,Blood Products Advisory Committee,http://www.fda.gov/AdvisoryCommittees/CommitteesMeetingMaterials/BloodVaccinesandOtherBiologics/BloodProductsAdvisoryCommittee/default.htm
Department of Health and Human Services,Arthritis Advisory Committee,http://www.fda.gov/AdvisoryCommittees/CommitteesMeetingMaterials/Drugs/ArthritisAdvisoryCommittee/default.htm
Department of Health and Human Services,Anesthetic and Analgesic Drug Products Advisory Committee,http://www.fda.gov/AdvisoryCommittees/CommitteesMeetingMaterials/Drugs/AnestheticAndAnalgesicDrugProductsAdvisoryCommittee/default.htm
Department of Health and Human Services,Antimicrobial Drugs Advisory Committee,http://www.fda.gov/AdvisoryCommittees/CommitteesMeetingMaterials/Drugs/Anti-InfectiveDrugsAdvisoryCommittee/default.htm
Department of Health and Human Services,Allergenic Products Advisory Committee,http://www.fda.gov/AdvisoryCommittees/CommitteesMeetingMaterials/BloodVaccinesandOtherBiologics/AllergenicProductsAdvisoryCommittee/default.htm
Department of Health and Human Services,AIDS and Related Research Integrated Review Group,http://public.csr.nih.gov/StudySections/IntegratedReviewGroups/AARRIRG/Pages/default.aspx
Department of Health and Human Services,"AIDS Research Advisory Committee, NIAID",https://www.niaid.nih.gov/about/committees-aids-research
Department of Health and Human Services,"Advisory Committee to the Director, National Institutes of Health",http://acd.od.nih.gov/
Department of Health and Human Services,"Advisory Committee to the Director, Centers for Disease Control and Prevention",https://www.cdc.gov/maso/facm/facmacdcdc_minutes.html
Department of Health and Human Services,"Advisory Council on Alzheimer's Research, Care, and Services",https://aspe.hhs.gov/advisory-council-alzheimers-research-care-and-services-meetings
Department of Health and Human Services,Advisory Panel on Hospital Outpatient Payment,https://www.cms.gov/Regulations-and-Guidance/Guidance/FACA/AdvisoryPanelonAmbulatoryPaymentClassificationGroups.html
Department of Health and Human Services,Advisory Council on Blood Stem Cell Transplantation,https://bloodcell.transplant.hrsa.gov/about/advisory_council/index.html
Department of Health and Human Services,Advisory Council for the Elimination of Tuberculosis,https://www.cdc.gov/maso/facm/facmacet.html
Department of Health and Human Services,Advisory Panel on Outreach and Education,http://www.cms.gov/Regulations-and-Guidance/Guidance/FACA/APOE.html
Department of Health and Human Services,Advisory Committee on Training in Primary Care Medicine and Dentistry,https://www.hrsa.gov/advisory-committees/primarycare-dentist/index.html
Department of Health and Human Services,"Advisory Committee on the Maternal, Infant and Early Childhood Home Visiting Program Evaluation",http://www.acf.hhs.gov/programs/opre/research/project/advisory-committee-on-the-maternal-infant-and-early-childhood-home
Department of Health and Human Services,Advisory Committee on Research on Women's Health,https://orwh.od.nih.gov/advisory-committees/acrwh
Department of Health and Human Services,Advisory Committee on Organ Transplantation,https://www.organdonor.gov/about-dot/acot.html#meetings
Department of Health and Human Services,"Advisory Committee on Interdisciplinary, Community-Based Linkages",http://www.hrsa.gov/advisorycommittees/bhpradvisory/acicbl/index.html
Department of Health and Human Services,"Advisory Committee to the Deputy Director for Intramural Research, National Institutes of Health",https://oir.nih.gov/sourcebook/committees-advisory-ddir/advisory-committee-ddir
Department of Health and Human Services,Advisory Committee on Minority Health,http://www.minorityhealth.hhs.gov/omh/browse.aspx?lvl=2&lvlid=3
Department of Health and Human Services,Advisory Committee on Infant Mortality,https://www.hrsa.gov/advisory-committees/Infant-Mortality/index.html
Department of Health and Human Services,Advisory Committee on Immunization Practices,http://www.cdc.gov/vaccines/acip/index.html
Department of Health and Human Services,Advisory Committee on Heritable Disorders in Newborns and Children,https://www.hrsa.gov/advisory-committees/heritable-disorders/index.html
Department of Health and Human Services,Advisory Committee for Women's Services,https://www.samhsa.gov/about-us/advisory-councils/advisory-committee-women%E2%80%99s-services-acws
Department of Health and Human Services,Advisory Commission on Childhood Vaccines,https://www.hrsa.gov/advisory-committees/vaccines/index.html
Department of Health and Human Services,Advisory Board on Radiation and Worker Health,http://www.cdc.gov/niosh/ocas/ocasadv.html
Department of Health and Human Services,Advisory Committee on Breast Cancer in Young Women,http://www.cdc.gov/cancer/breast/what_cdc_is_doing/young_women.htm
Department of Health and Human Services,Advisory Committee on Blood and Tissue Safety and Availability,https://www.hhs.gov/ohaidp/initiatives/blood-tissue-safety/advisory-committee/index.html
Department of Energy,Nuclear Energy Advisory Committee,https://www.energy.gov/ne/services/nuclear-energy-advisory-committee
Department of Energy,National Petroleum Council,http://www.npc.org
Department of Energy,Secretary of Energy Advisory Board,http://www.energy.gov/secretary-energy-advisory-board
Department of Energy,State Energy Advisory Board,http://www.energy.gov/eere/steab/state-energy-advisory-board
Department of Energy,President's Council of Advisors on Science and Technology,https://www.nitrd.gov/pcast/index.aspx
Department of Energy,National Coal Council,http://www.nationalcoalcouncil.org/
Department of Energy,Methane Hydrate Advisory Committee,http://energy.gov/fe/services/advisory-committees/methane-hydrate-advisory-committee
Department of Energy,Environmental Management Advisory Board,http://energy.gov/em/services/communication-engagement/environmental-management-advisory-board-emab
Department of Energy,High Energy Physics Advisory Panel,http://science.energy.gov/hep/hepap/
Department of Energy,Fusion Energy Sciences Advisory Committee,http://science.energy.gov/fes/fesac/
Department of Energy,Hydrogen and Fuel Cell Technical Advisory Committee,http://www.hydrogen.energy.gov/advisory_htac.html
Department of Energy,Environmental Management Site-Specific Advisory Board,http://energy.gov/em/services/communication-engagement/em-site-specific-advisory-board-em-ssab
Department of Energy,DOE/NSF Nuclear Science Advisory Committee,http://science.energy.gov/np/nsac/
Department of Energy,Electricity Advisory Committee,http://energy.gov/oe/electricity-advisory-committee-eac
Department of Energy,Biomass Research and Development Technical Advisory Committee,http://biomassboard.gov/committee/committee.html
Department of Energy,Biological and Environmental Research Advisory Committee,http://science.energy.gov/ber/berac/
Department of Energy,Basic Energy Sciences Advisory Committee,http://science.energy.gov/bes/
Department of Energy,Appliance Standards and Rulemaking Federal Advisory Committee,https://www.energy.gov/eere/buildings/appliance-standards-and-rulemaking-federal-advisory-committee
Department of Energy,Advanced Scientific Computing Advisory Committee,http://science.energy.gov/ascr/ascac/
Department of Education,Presidentâ€™s Board of Advisors on Historically Black Colleges and Universities,http://www.ed.gov
Department of Education,Safe and Drug-Free Schools and Communities Advisory Committee,http://www.ed.gov
Department of Education,President's Advisory Commission on Educational Excellence for Hispanics,https://www.ed.gov
Department of Education,President's Advisory Commission on Educational Excellence for African Americans,https://www.ed.gov
Department of Education,President's Advisory Commission on Asian Americans and Pacific Islanders,https://www.ed.gov
Department of Education,National Board of the Fund for the Improvement of Postsecondary Education,http://www.ed.gov/about/bdscomm/list/index.html
Department of Education,National Board for Education Sciences,http://ies.ed.gov/director/board/index.asp
Department of Education,National Advisory Council on Indian Education,http://www2.ed.gov/about/bdscomm/list/com.html
Department of Education,Historically Black Colleges and Universities Capital Financing Advisory Board,http://www.ed.gov/about/bdscomm/list/hbcu-finance.html
Department of Education,National Advisory Committee on Institutional Quality and Integrity,https://sites.ed.gov/naciqi/
Department of Commerce,Visiting Committee on Advanced Technology,http://www.nist.gov/director/vcat/index.cfm
Department of Commerce,United States Integrated Ocean Observing System Advisory Committee,https://ioos.noaa.gov/community/u-s-ioos-advisory-committee/
Department of Commerce,United States Investment Advisory Council,http://trade.gov/iac/
Department of Commerce,United States Travel and Tourism Advisory Board,http://www.trade.gov/ttab/
Department of Commerce,United States Advanced Manufacturing Council,http://trade.gov/manufacturingcouncil
Department of Commerce,Sensors and Instrumentation Technical Advisory Committee,http://tac.bis.doc.gov/
Department of Commerce,Renewable Energy and Energy Efficiency Advisory Committee,http://2016.export.gov/reee/eg_main_023040.asp
Department of Commerce,Technology Innovation Program Advisory Board,http://www.nist.gov/tip
Department of Commerce,Transportation and Related Equipment Technical Advisory Committee,http://tac.bis.doc.gov/
Department of Commerce,President's Export Council Subcommittee on Export Administration,http://tac.bis.doc.gov
Department of Commerce,Regulations and Procedures Technical Advisory Committee,http://tac.bis.doc.gov/
Department of Commerce,President's Export Council,http://trade.gov/pec/
Department of Commerce,President's Advisory Council on Doing Business in Africa,http://trade.gov/pac-dbia/
Department of Commerce,Ocean Exploration Advisory Board,http://oeab.noaa.gov/
Department of Commerce,NOAA Science Advisory Board,http://www.sab.noaa.gov
Department of Commerce,NIST Smart Grid Advisory Committee,https://www.nist.gov/engineering-laboratory/smart-grid/smart-grid-federal-advisory-committee
Department of Commerce,National Technical Information Service Advisory Board,http://www.ntis.gov/about/advisory-board/
Department of Commerce,National Sea Grant Advisory Board,https://seagrant.noaa.gov/About/Advisory-Board
Department of Commerce,National Medal of Technology and Innovation Nomination Evaluation Committee,http://www.uspto.gov/nmti/committee.html
Department of Commerce,National Construction Safety Team Advisory Committee,https://www.nist.gov/el/disaster-resilience/disaster-and-failure-studies/national-construction-safety-team-ncst
Department of Commerce,National Advisory Council on Innovation and Entrepreneurship,http://www.eda.gov/oie/nacie/
Department of Commerce,Materials Technical Advisory Committee,http://tac.bis.doc.gov/
Department of Commerce,Materials Processing Equipment Technical Advisory Committee,http://tac.bis.doc.gov/
Department of Commerce,Marine Protected Areas Federal Advisory Committee,http://marineprotectedareas.noaa.gov/fac/
Department of Commerce,Manufacturing Extension Partnership Advisory Board,http://www.nist.gov/mep/about/advisory-board-members.cfm
Department of Commerce,Judges Panel of the Malcolm Baldrige National Quality Award,http://patapsco.nist.gov/BoardofExam/Examiners_Judge2.cfm
Department of Commerce,Information Systems Technical Advisory Committee,http://tac.bis.doc.gov
Department of Commerce,Information Security and Privacy Advisory Board,http://csrc.nist.gov/groups/SMA/ispab/index.html
Department of Commerce,Industry Trade Advisory Committee on Textiles and Clothing,http://www.trade.gov/itac
Department of Commerce,Industry Trade Advisory Committee on Steel,http://www.trade.gov/itac
Department of Commerce,Industry Trade Advisory Committee on Standards and Technical Trade Barriers,http://www.trade.gov/itac
Department of Commerce,Industry Trade Advisory Committee on Small and Minority Business,http://www.ita.doc.gov/itac
Department of Commerce,Industry Trade Advisory Committee on Services and Finance,http://www.trade.gov/itac
Department of Commerce,"Industry Trade Advisory Committee on Forest Products, Building Materials, Construction, and Nonferrous Metals",http://www.trade.gov/itac
Department of Commerce,Industry Trade Advisory Committee on Forest Products,http://www.trade.gov/itac
Department of Commerce,Industry Trade Advisory Committee on Digital Economy,http://www.trade.gov/itac
Department of Commerce,Industry Trade Advisory Committee on Customs Matters and Trade Facilitation,http://www.trade.gov/itac
Department of Commerce,Industry Trade Advisory Committee on Energy and Energy Services,http://www.trade.gov/itac
Department of Commerce,Industry Trade Advisory Committee on Distribution Services,http://www.trade.gov/itac
Department of Commerce,Industry Trade Advisory Committee on Intellectual Property Rights,http://www.trade.gov/itac
Department of Commerce,Federal Economic  Statistics Advisory Committee,http://www.census.gov/fesac
Department of Commerce,Industry Trade Advisory Committee on Consumer Goods,http://www.ita.doc.gov/itac
Department of Commerce,"Industry Trade Advisory Committee on Chemicals, Pharmaceuticals, Health Science Products and Services",http://www.trade.gov/itac
Department of Commerce,Industry Trade Advisory Committee on Aerospace Equipment,http://www.trade.gov/itac
Department of Commerce,Hydrographic Services Review Panel,https://www.nauticalcharts.noaa.gov/hsrp/hsrp.htm
Department of Commerce,"Industry Trade Advisory Committee on Building Materials, Construction, and Nonferrous Metals",http://www.trade.gov/itac
Department of Commerce,Industry Trade Advisory Committee on Automotive Equipment and Capital Goods,http://www.trade.gov/itac
Department of Commerce,Marine Fisheries Advisory Committee,https://www.fisheries.noaa.gov/topic/partners#marine-fisheries-advisory-committee
Department of Commerce,Emerging Technology Technical Advisory Committee,http://tac.bis.doc.gov/
Department of Commerce,Digital Economy Board of Advisors,https://www.ntia.doc.gov/category/digital-economy-board-advisors
Department of Commerce,Department of Commerce Trade Finance Advisory Council,http://trade.gov/tfac
Department of Commerce,Environmental Technologies Trade Advisory Committee,https://www.export.gov/ettac
Department of Commerce,Commerce Spectrum Management Advisory Committee,http://www.ntia.doc.gov/advisory/spectrum/
Department of Commerce,Civil Nuclear Trade Advisory Committee,http://trade.gov/mas/ian/nuclear/tg_ian_003233.asp
Department of Commerce,Bureau of the Census Scientific Advisory Committee,http://www.census.gov/about/cac/sac.html
Department of Commerce,Bureau of Economic Analysis Advisory Committee,http://www.bea.gov/about/advisory.htm
Department of Commerce,"Census Bureau National Advisory Committee on Racial, Ethnic, Other Populations",http://www.census.gov/about/cac/nac.html
Department of Commerce,Board of Overseers of the Malcolm Baldrige National Quality Award,https://www.nist.gov/baldrige/how-baldrige-works/baldrige-community/board-overseers
Department of Commerce,Advisory Committee on Supply Chain Competitiveness,https://www.trade.gov/td/services/oscpb/supplychain/acscc/
Department of Commerce,Advisory Committee on Commercial Remote Sensing,http://www.nesdis.noaa.gov/CRSRA/accresHome.html
Department of Commerce,Advisory Committee on Earthquake Hazards Reduction,http://nehrp.gov/committees/index.htm
